session_id,message_count
sessionId,messageCount
sessionId,messageCount
sessionId,messageCount
sessionId,messageCount
sessionId,messageCount
sessionId,messageCount
sessionId,messageCount
sessionId,messageCount
sessionId,messageCount
sessionId,messageCount
sessionId,messageCount
sessionId,messageCount
sessionId,messageCount
sessionId,messageCount
sessionId,messageCount
sessionId,messageCount
sessionId,messageCount
sessionId,messageCount
sessionId,messageCount
sessionId,messageCount
sessionId,messageCount
sessionId,messageCount
sessionId,messageCount
sessionId,messageCount
sessionId,messageCount
sessionId,messageCount
sessionId,messageCount
sessionId,messageCount
sessionId,messageCount
sessionId,messageCount
sessionId,messageCount
sessionId,messageCount
sessionId,messageCount
sessionId,messageCount
sessionId,messageCount
sessionId,messageCount
sessionId,messageCount
